,Age 65 and Over Tax Exemptions for,"Age 65 and Over, Poverty Tax Exemptions for","All Employees: Transportation and Utilities: Transportation, Warehousing, and Utilities in",All Employees: Wholesale Trade in,All Marginally Attached Workers for,Average Weekly Earnings of All Employees: Goods Producing in,Average Weekly Earnings of All Employees: Leisure and Hospitality in,Average Weekly Earnings of All Employees: Private Service Providing in,Average Weekly Earnings of All Employees: Professional and Business Services in,Average Weekly Earnings of All Employees: Total Private in,"Average Weekly Earnings of All Employees: Trade, Transportation, and Utilities in",Average Weekly Earnings of Production Employees: Manufacturing in,Average Weekly Hours of All Employees: Goods Producing in,Average Weekly Hours of All Employees: Leisure and Hospitality in,Average Weekly Hours of All Employees: Private Service Providing in,Average Weekly Hours of All Employees: Professional and Business Services in,Average Weekly Hours of All Employees: Total Private in,"Average Weekly Hours of All Employees: Trade, Transportation, and Utilities in",Average Weekly Hours of Production Employees: Manufacturing in,Business Applications for,Business Applications from Corporations for,Business Applications with Planned Wages for,Child Tax Exemptions for,Civilian Labor Force for,"Coefficient for Residential Carbon Dioxide Emissions, Residential for","Commercial Carbon Dioxide Emissions, All Fuels for","Electric Power Carbon Dioxide Emissions, All Fuels for",Employed Involuntary Part-Time for,Employed Persons in,Employment Level for,Exports of Goods for,Exports of Goods: Manufactured Commodities for,Exports of Goods: Non-Manufactured Commodities for,High-Propensity Business Applications for,Imports of Goods for,Imports of Goods: Manufactured Commodities for,Imports of Goods: Non-Manufactured Commodities for,"Industrial Carbon Dioxide Emissions, All Fuels for",Labor Force Participation Rate for,Mean Adjusted Gross Income for,Median Adjusted Gross Income for,Median Household Income in,Not in Labor Force: Discouraged Workers for,People 25 Years and Over Who Have Completed a Graduate or Professional Degree for,Poverty Tax Exemptions Under Age 65 for,Poverty Tax Exemptions for,"Poverty Universe, Age 0-17 for","Poverty Universe, Age 0-4 for","Poverty Universe, Age 5-17 related for","Poverty Universe, All Ages for","Poverty, Child Tax Exemptions for",Projected Business Formations Within 4 Quarters for,Projected Business Formations within 8 Quarters for,Real Median Household Income in,Real Trade-Weighted Value of the dollar for,"Residential Carbon Dioxide Emissions, Residential for",SNAP Benefits Recipients in,Spliced Business Formations Within 4 Quarters for,Spliced Business Formations within 8 Quarters for,"Total Carbon Dioxide Emissions From All Sectors, All Fuels for",Total Tax Exemptions Under Age 65 for,Total Tax Exemptions for,"Transportation Carbon Dioxide Emissions, All Fuels for",Unemployed: Job Losers for
2010-01-01,1644704,300622,413.8,478.7,144200,921.1476828873421,314.535676083224,715.1050636524631,913.16685393356,753.892787435943,1011.9809633859699,608.865959968644,40.6211357704432,26.720856292792202,34.247430457386606,34.906575194815694,35.453004977927,36.5369612864086,41.532739539176,47860,8253,11989,7510588,12029200,94.283851,12.114522,222.035179,630400,11067039,11073800,14385.1,11012.4,977.9,21683,19019.0,11542.9,7476.1,210.241401,66.0,59807,32590,47266,52000,8.6,4335700,4636322,6798102,1901966,4871794,24652964,2001536,5969,6975,54554,81.2693,0.0,3459408,5972,6884,648.818958,19871855,21516559,190.743853,574700
2010-02-01,1644704,300622,414.8,477.6,144200,902.534441401034,315.97527867969103,714.504682945925,908.760430408578,750.401569783119,999.433390742453,593.612056549132,39.55315262303729,27.080147453478304,34.1875372916182,34.5698840956878,35.240015639476205,36.40565158298711,41.025674757827204,47860,8253,11989,7510588,12029200,94.283851,12.114522,222.035179,630400,11112513,11073800,14621.2,11408.4,1005.0,21683,18360.1,10959.6,7400.5,210.241401,66.2,59807,32590,47266,52000,8.6,4335700,4636322,6798102,1901966,4871794,24652964,2001536,5969,6975,54554,81.995,0.0,3482601,5972,6884,648.818958,19871855,21516559,190.743853,574700
2010-03-01,1644704,300622,415.2,478.2,144200,927.659822368728,314.79320865386615,719.5732404646291,917.9856449148848,758.7249600239529,1008.8025684997,591.865453549688,40.984761307899106,26.968200127754198,34.3963993933891,34.9904831898237,35.682265682403,36.25962845386261,40.9700922966382,47860,8253,11989,7510588,12029200,94.283851,12.114522,222.035179,630400,11157088,11073800,17561.9,13785.6,1064.1,21683,22432.7,12897.2,9535.5,210.241401,66.4,59807,32590,47266,52000,8.6,4335700,4636322,6798102,1901966,4871794,24652964,2001536,5969,6975,54554,80.6751,0.0,3563572,5972,6884,648.818958,19871855,21516559,190.743853,574700
2010-04-01,1644704,300622,416.7,478.9,147700,933.566044394917,322.77876970993697,724.21646632198,931.223026330871,763.314736324039,1005.26730774159,597.451592919528,41.2112157861568,27.41483370266809,34.543155057936694,35.411398223036606,35.746815469398605,36.2498619970959,41.2747474248852,48957,8461,11640,7510588,12056800,94.283851,12.114522,222.035179,649600,11196606,11066600,16800.2,13324.4,993.1,21966,22098.4,12643.9,9454.5,210.241401,65.8,59807,32590,47266,57000,8.6,4335700,4636322,6798102,1901966,4871794,24652964,2001536,5934,6968,54554,79.3956,0.0,3609264,6029,7044,648.818958,19871855,21516559,190.743853,584700
2010-05-01,1644704,300622,417.5,480.5,147700,946.601059878817,325.090671787352,737.133550774649,962.43160614143,776.536946125069,1013.54266382706,606.443432692384,41.565194816649,27.7513617391618,35.3364838593125,36.6899184551529,36.4492702762717,36.565812086639,41.793975611528296,48957,8461,11640,7510588,12056800,94.283851,12.114522,222.035179,649600,11230124,11066600,16838.1,12980.9,1055.0,21966,22001.7,13370.1,8631.6,210.241401,65.8,59807,32590,47266,57000,8.6,4335700,4636322,6798102,1901966,4871794,24652964,2001536,5934,6968,54554,81.914,0.0,3664965,6029,7044,648.818958,19871855,21516559,190.743853,584700
2010-06-01,1644704,300622,418.5,481.4,147700,939.2076177344612,322.065183025307,723.504169951715,958.565864438712,763.0378130279422,1027.6569551249902,602.729070202977,41.2777328296108,27.5762703506516,34.5222492337209,36.2402722631786,35.7773122081502,36.780538785235,41.62331620357629,48957,8461,11640,7510588,12056800,94.283851,12.114522,222.035179,649600,11256000,11066600,17099.4,13332.7,894.7,21966,22629.2,13914.4,8714.9,210.241401,65.8,59807,32590,47266,57000,8.6,4335700,4636322,6798102,1901966,4871794,24652964,2001536,5934,6968,54554,82.2229,0.0,3721663,6029,7044,648.818958,19871855,21516559,190.743853,584700
2010-07-01,1644704,300622,420.4,482.7,148700,956.337558392591,326.149737512423,727.983418571165,965.3589637464728,769.579970477099,1031.0352234936502,604.159560183149,41.747312567512296,27.7620406266309,34.8018513887569,36.9132499398194,36.0733302071944,37.0313580866483,41.787683091533395,48581,7903,11453,7510588,12076500,94.283851,12.114522,222.035179,657200,11274789,11115200,16759.7,13193.9,828.6,21952,22966.5,13940.2,9026.3,210.241401,65.8,59807,32590,47266,60000,8.6,4335700,4636322,6798102,1901966,4871794,24652964,2001536,5775,6778,54554,81.5219,0.0,3760275,5854,6824,648.818958,19871855,21516559,190.743853,553400
2010-08-01,1644704,300622,421.0,483.6,148700,978.586380443323,327.43166479096,741.995206415384,991.150317441059,787.907503245497,1036.24747649276,614.31417426497,42.5582027302653,27.7627340820116,35.2951022148403,37.5774130956436,36.7756725115799,37.088329129235795,42.5567807927133,48581,7903,11453,7510588,12076500,94.283851,12.114522,222.035179,657200,11290591,11115200,17920.3,14088.0,960.7,21952,23438.4,14802.0,8636.4,210.241401,65.8,59807,32590,47266,60000,8.6,4335700,4636322,6798102,1901966,4871794,24652964,2001536,5775,6778,54554,80.6323,0.0,3803719,5854,6824,648.818958,19871855,21516559,190.743853,553400
2010-09-01,1644704,300622,421.6,483.9,148700,951.486717523963,325.41218566901796,725.906611382877,974.972143235561,768.346600474739,994.338747734714,610.975988315137,41.588908945033495,27.65372655040861,34.522361793584196,37.368268044590394,35.8213195978187,35.7488147247545,42.4519728637402,48581,7903,11453,7510588,12076500,94.283851,12.114522,222.035179,657200,11306452,11115200,17257.6,13054.3,1053.0,21952,22364.0,14766.3,7597.7,210.241401,65.8,59807,32590,47266,60000,8.6,4335700,4636322,6798102,1901966,4871794,24652964,2001536,5775,6778,54554,80.3154,0.0,3837839,5854,6824,648.818958,19871855,21516559,190.743853,553400
2010-10-01,1644704,300622,423.4,485.0,160200,960.907852299463,326.25072063564096,733.9854942914592,999.9790616894201,772.9282055970621,1021.1024174958801,602.51993423506,41.8713506581979,27.8849315491791,34.8634827431855,38.0413029156504,36.0385324321489,36.6121223300932,41.695987613738495,49466,7766,11459,7510588,12130000,94.283851,12.114522,222.035179,640900,11326471,11155700,19579.5,14789.5,1690.2,22214,22433.2,14528.0,7905.2,210.241401,65.8,59807,32590,47266,67800,8.6,4335700,4636322,6798102,1901966,4871794,24652964,2001536,5831,6829,54554,78.0027,0.0,3893077,5953,6930,648.818958,19871855,21516559,190.743853,550100
2010-11-01,1644704,300622,423.1,486.1,160200,948.902469475709,326.825825335748,732.9969087677499,982.944917604317,769.542365186906,1026.54709793056,602.976723065967,41.1868521200832,28.0054750293514,34.5427916003269,37.4879217842471,35.8007029786135,36.6765266779691,41.6585096772261,49466,7766,11459,7510588,12130000,94.283851,12.114522,222.035179,640900,11350972,11155700,18460.9,14158.0,1428.4,22214,24144.8,15636.2,8508.6,210.241401,65.9,59807,32590,47266,67800,8.6,4335700,4636322,6798102,1901966,4871794,24652964,2001536,5831,6829,54554,77.5447,0.0,3925119,5953,6930,648.818958,19871855,21516559,190.743853,550100
2010-12-01,1644704,300622,422.3,487.0,160200,893.2438426832947,330.589486842293,739.5697345805452,986.7154566044541,772.5194705646388,1030.75407044964,617.3160297960769,42.5761722513556,28.118351790361,34.687223322657296,37.5244715565496,36.1275919008418,36.8206045235852,42.43615608440321,49466,7766,11459,7510588,12130000,94.283851,12.114522,222.035179,640900,11377594,11155700,19359.8,14710.0,1666.5,22214,23566.7,14473.5,9093.2,210.241401,65.9,59807,32590,47266,67800,8.6,4335700,4636322,6798102,1901966,4871794,24652964,2001536,5831,6829,54554,77.9103,0.0,3955321,5953,6930,648.818958,19871855,21516559,190.743853,550100
2011-01-01,1740886,316064,426.5,488.8,162700,975.4472829736867,338.586600687003,775.4890681312801,1000.6774778371,813.4034043629622,1028.9011116175,609.8145017840969,43.15545232104079,28.339472926536303,35.7300036128973,37.9556507041998,37.1579126014913,37.0215024699449,41.8254398094333,51959,7933,11860,7544764,12149800,94.283851,12.587981,239.545506,631300,11405419,11173800,19456.3,14713.4,1867.8,23487,25046.2,14738.0,10308.2,211.55627,65.9,62306,33322,49047,64400,8.7,4513456,4829520,6872694,1927257,4923532,25071118,2074748,6171,7212,54879,77.4174,0.0,3928058,6180,7205,666.708188,20161373,21902259,190.976265,544900
2011-02-01,1740886,316064,428.1,490.3,162700,971.6130375105901,330.279562325849,750.8563467683389,981.1070976079808,794.099590313414,1025.96016881405,613.541787652644,42.9251135482885,27.831459809747706,34.7055390934852,37.5082421806384,36.354068201545296,36.834927576175296,41.4660911502304,51959,7933,11860,7544764,12149800,94.283851,12.587981,239.545506,631300,11431874,11173800,17213.8,13045.8,1667.1,23487,20560.5,13523.8,7036.7,211.55627,65.9,62306,33322,49047,64400,8.7,4513456,4829520,6872694,1927257,4923532,25071118,2074748,6171,7212,54879,76.8999,0.0,3895618,6180,7205,666.708188,20161373,21902259,190.976265,544900
2011-03-01,1740886,316064,429.6,493.0,162700,983.234228833069,336.356309933729,757.566434581887,985.0935811164301,799.51461965127,1002.48896096244,643.722551847674,44.0519430009703,28.187893968654297,34.9463554376109,37.8134521202755,36.671662182427504,36.924362212474,42.80347635310721,51959,7933,11860,7544764,12149800,94.283851,12.587981,239.545506,631300,11453932,11173800,21185.3,15908.3,2226.3,23487,26935.8,16700.1,10235.8,211.55627,65.9,62306,33322,49047,64400,8.7,4513456,4829520,6872694,1927257,4923532,25071118,2074748,6171,7212,54879,76.8831,0.0,3921802,6180,7205,666.708188,20161373,21902259,190.976265,544900
2011-04-01,1740886,316064,431.7,496.3,170900,1002.9901909764699,331.606432125793,753.941142978136,974.960621114847,802.160441679449,981.8088411686348,675.562338688719,43.969901253953104,27.9109965523431,34.9771045955964,37.7316348162571,36.666630941209505,37.1402428893353,43.82423621882461,49618,7585,11857,7544764,12188900,94.283851,12.587981,239.545506,622700,11470598,11216000,21496.3,16571.8,1992.9,22549,25644.4,15413.3,10231.2,211.55627,65.9,62306,33322,49047,60900,8.7,4513456,4829520,6872694,1927257,4923532,25071118,2074748,5978,7014,54879,75.6428,0.0,3926922,6096,7058,666.708188,20161373,21902259,190.976265,536400
2011-05-01,1740886,316064,431.9,498.6,170900,992.169585510715,338.077114677405,774.012489516425,995.155498581686,813.683827835928,979.8499906664599,689.306445404475,43.332124075529,28.5812475071035,35.772651041706794,38.5654673277042,37.0772257746774,37.3785785787029,43.079141999338596,49618,7585,11857,7544764,12188900,94.283851,12.587981,239.545506,622700,11484860,11216000,21168.4,16503.6,1790.9,22549,28681.5,17222.8,11458.7,211.55627,65.9,62306,33322,49047,60900,8.7,4513456,4829520,6872694,1927257,4923532,25071118,2074748,5978,7014,54879,75.8669,0.0,3954852,6096,7058,666.708188,20161373,21902259,190.976265,536400
2011-06-01,1740886,316064,431.9,500.0,170900,984.5984816843828,334.27669118566,761.092655025168,965.4118323834688,802.059964372108,938.3528739717972,690.186447506045,43.47892933328399,27.8746766032603,35.106927255407,38.230695695699396,36.66627615956129,36.75395793071221,42.7388720340549,49618,7585,11857,7544764,12188900,94.283851,12.587981,239.545506,622700,11501815,11216000,19790.0,15265.4,1508.3,22549,28934.3,17040.7,11893.6,211.55627,65.9,62306,33322,49047,60900,8.7,4513456,4829520,6872694,1927257,4923532,25071118,2074748,5978,7014,54879,76.1011,0.0,4003570,6096,7058,666.708188,20161373,21902259,190.976265,536400
2011-07-01,1740886,316064,436.0,502.1,172900,981.055395581308,337.448540455345,764.157336081824,966.5730438036279,803.883585168637,924.3336963216141,714.387212140705,43.0134691146408,28.139275024135,35.096558637901396,38.2832540066668,36.56775093550179,36.7730341666919,42.8017666043856,51235,7932,11765,7544764,12244300,94.283851,12.587981,239.545506,620500,11526050,11252400,20731.2,16272.2,1279.0,23036,26588.4,16117.6,10470.8,211.55627,65.9,62306,33322,49047,62900,8.7,4513456,4829520,6872694,1927257,4923532,25071118,2074748,6116,7194,54879,75.1817,0.0,4051042,6310,7293,666.708188,20161373,21902259,190.976265,535200
2011-08-01,1740886,316064,436.8,503.9,172900,987.274588090829,334.438237182072,760.8304551678641,953.3910056866272,803.6671195866389,916.2332427042528,730.684327628846,43.096552551430904,27.8883965596238,35.011987088446396,37.898844257487895,36.5943430786317,37.070546306045706,43.21183199851979,51235,7932,11765,7544764,12244300,94.283851,12.587981,239.545506,620500,11557468,11252400,21795.8,17308.4,1248.3,23036,28240.0,16837.1,11402.8,211.55627,66.0,62306,33322,49047,62900,8.7,4513456,4829520,6872694,1927257,4923532,25071118,2074748,6116,7194,54879,76.7284,0.0,4124402,6310,7293,666.708188,20161373,21902259,190.976265,535200
2011-09-01,1740886,316064,438.3,506.6,172900,996.186625713478,334.274901831105,762.351118880076,961.9326972312912,805.434294265473,895.6521494575052,746.020694066918,43.373438135447905,28.093793218014106,35.2345948899717,37.9704009201521,36.7179484727199,37.0065249953314,43.2529960461594,51235,7932,11765,7544764,12244300,94.283851,12.587981,239.545506,620500,11592874,11252400,20821.3,16493.3,1211.5,23036,26296.3,16326.9,9969.5,211.55627,66.0,62306,33322,49047,62900,8.7,4513456,4829520,6872694,1927257,4923532,25071118,2074748,6116,7194,54879,79.8536,0.0,4147489,6310,7293,666.708188,20161373,21902259,190.976265,535200
2011-10-01,1740886,316064,437.7,508.3,167200,1003.92781670164,340.256849646329,792.136246982975,997.5536806785159,830.6438786251199,925.359729404151,764.864871914176,43.11176103438872,28.5519104323328,36.08290146252821,38.7862544933724,37.3697567338533,37.8510986486304,43.51139687607739,51181,7609,11587,7544764,12287000,94.283851,12.587981,239.545506,610500,11628674,11326800,22120.9,17568.5,1032.8,22609,27563.9,17545.7,10018.2,211.55627,66.0,62306,33322,49047,61000,8.7,4513456,4829520,6872694,1927257,4923532,25071118,2074748,6026,7073,54879,81.291,0.0,4174348,6036,7028,666.708188,20161373,21902259,190.976265,504600
2011-11-01,1740886,316064,437.5,509.7,167200,1012.41822635217,335.93477706141203,773.125335533233,964.633824926228,816.044413416927,879.197336126172,787.370975194262,43.0200963013284,27.9871716313863,35.3750014719165,37.7868233523671,36.860116115734,37.14609646715221,44.01719671206169,51181,7609,11587,7544764,12287000,94.283851,12.587981,239.545506,610500,11660707,11326800,21643.0,17255.8,1215.0,22609,27916.8,17267.2,10649.6,211.55627,65.9,62306,33322,49047,61000,8.7,4513456,4829520,6872694,1927257,4923532,25071118,2074748,6026,7073,54879,81.2574,0.0,4172512,6036,7028,666.708188,20161373,21902259,190.976265,504600
2011-12-01,1740886,316064,438.7,512.0,167200,996.1052826536928,331.465178334209,763.310740587153,967.0161536700459,812.075428999292,869.8704441480928,793.240773829746,42.455832256501004,27.8332920817064,35.266871481672,37.59046647383421,36.638069776192005,36.78126723114779,43.5169066252818,51181,7609,11587,7544764,12287000,94.283851,12.587981,239.545506,610500,11686379,11326800,22437.8,18307.3,1095.6,22609,26366.1,15588.7,10777.3,211.55627,65.8,62306,33322,49047,61000,8.7,4513456,4829520,6872694,1927257,4923532,25071118,2074748,6026,7073,54879,81.5167,0.0,4179010,6036,7028,666.708188,20161373,21902259,190.976265,504600
2012-01-01,1826735,325697,441.3,514.4,164100,1007.8172987778399,342.421451559261,797.938422002254,1000.7579330921301,839.294199957506,887.544610874186,799.84650158317,42.9211611236325,28.5410844529787,36.349118650472704,38.7789229373257,37.68503533744421,37.7439158205529,44.18691265530371,49955,7193,11142,7630722,12390600,94.283851,11.13166,223.691526,605000,11705732,11453100,21086.9,16543.8,1182.3,22068,27012.6,16583.4,10429.2,225.701611,65.7,68698,34846,51926,59700,9.0,4413602,4739299,6897874,1905360,4967315,25450524,2046358,5763,6761,56896,80.5229,0.0,4141317,5810,6782,662.002423,20346528,22173263,191.293248,480900
2012-02-01,1826735,325697,445.1,516.4,164100,1005.7919785880499,331.92476944711,742.376740460903,967.152533619498,792.1577375937511,852.7747107907228,796.077368433517,42.9428695326525,27.7410068771465,34.4441379582862,38.1511342558874,36.062579064261996,37.4496408659029,43.858127855262296,49955,7193,11142,7630722,12390600,94.283851,11.13166,223.691526,605000,11721887,11453100,20133.7,15891.6,1029.7,22068,25215.4,16099.9,9115.5,225.701611,65.7,68698,34846,51926,59700,9.0,4413602,4739299,6897874,1905360,4967315,25450524,2046358,5763,6761,56896,78.0744,0.0,4043923,5810,6782,662.002423,20346528,22173263,191.293248,480900
2012-03-01,1826735,325697,447.2,519.5,164100,1004.7942991105699,330.905126869906,739.765259869534,951.2441935826621,789.014859488307,842.8069965163429,802.563559156398,42.905866188978,27.718570858805197,34.3562802552581,37.9299061893026,35.9477695955352,37.3482069407435,43.891946132879895,49955,7193,11142,7630722,12390600,94.283851,11.13166,223.691526,605000,11736127,11453100,23569.1,18739.7,1268.0,22068,30304.9,18339.2,11965.7,225.701611,65.6,68698,34846,51926,59700,9.0,4413602,4739299,6897874,1905360,4967315,25450524,2046358,5763,6761,56896,78.5829,0.0,3913693,5810,6782,662.002423,20346528,22173263,191.293248,480900
2012-04-01,1826735,325697,448.0,521.1,159800,1006.15907650286,338.702451957344,763.905556421813,994.024911874273,812.000155057864,863.1871938458839,794.971069192979,43.0564113138639,28.3386293637774,34.9079777873013,39.0689348613679,36.4858784082572,37.8636163616079,43.917014974828604,52045,7396,11198,7630722,12504900,94.283851,11.13166,223.691526,581400,11749382,11590000,21852.9,17447.8,1103.4,22567,29847.6,18273.5,11574.1,225.701611,65.6,68698,34846,51926,61000,9.0,4413602,4739299,6897874,1905360,4967315,25450524,2046358,5923,6983,56896,79.4946,0.0,3936704,6009,6983,662.002423,20346528,22173263,191.293248,459800
2012-05-01,1826735,325697,449.3,523.2,159800,989.4276527275308,328.583846371538,739.8077583273711,953.43160675876,785.6281723873759,836.639539832801,789.150143633725,42.9544493356398,27.554466496940602,34.3008914364095,38.037281079226,35.825341581862205,37.598144750859,44.074200370963204,52045,7396,11198,7630722,12504900,94.283851,11.13166,223.691526,581400,11766133,11590000,22424.1,17904.6,1023.2,22567,29619.2,18673.3,10945.9,225.701611,65.5,68698,34846,51926,61000,9.0,4413602,4739299,6897874,1905360,4967315,25450524,2046358,5923,6983,56896,81.5061,0.0,3967242,6009,6983,662.002423,20346528,22173263,191.293248,459800
2012-06-01,1826735,325697,451.8,525.5,159800,994.123434075161,329.782884092304,744.8308250678889,959.084964847814,790.47897475582,832.453791154377,811.318164934102,42.873182646143,27.8622954460852,34.3669936398964,37.7282517278664,35.9434970242315,37.6398696554675,43.97439227312761,52045,7396,11198,7630722,12504900,94.283851,11.13166,223.691526,581400,11789580,11590000,21712.3,17251.2,1104.7,22567,28171.0,18000.7,10170.3,225.701611,65.5,68698,34846,51926,61000,9.0,4413602,4739299,6897874,1905360,4967315,25450524,2046358,5923,6983,56896,82.8877,0.0,3951184,6009,6983,662.002423,20346528,22173263,191.293248,459800
2012-07-01,1826735,325697,453.0,525.8,160200,994.228759467617,342.141340606808,773.8051904700328,990.404322474239,815.61562417539,845.3237735239868,814.81978845862,42.7845467591345,28.420702854872605,35.1130576214368,38.455374413243106,36.59408212551378,37.6955394065246,44.21754347138739,49392,7030,10715,7630722,12585800,94.283851,11.13166,223.691526,560800,11820135,11714600,21354.0,17048.3,1091.7,21221,27531.3,18483.5,9047.8,225.701611,65.5,68698,34846,51926,59300,9.0,4413602,4739299,6897874,1905360,4967315,25450524,2046358,5656,6690,56896,80.7803,0.0,3976675,5687,6584,662.002423,20346528,22173263,191.293248,430700
2012-08-01,1826735,325697,454.1,527.2,160200,992.635522744023,332.62813405656897,755.335265750206,963.9393907573932,799.8888363240352,828.675001428897,819.420894712325,42.6852917172942,27.891912806950106,34.667657775066196,37.82680370896129,36.225868391605104,37.555790980139605,43.610218540446795,49392,7030,10715,7630722,12585800,94.283851,11.13166,223.691526,560800,11854807,11714600,22563.5,17950.4,1098.2,21221,27387.1,18283.6,9103.5,225.701611,65.5,68698,34846,51926,59300,9.0,4413602,4739299,6897874,1905360,4967315,25450524,2046358,5656,6690,56896,80.0227,0.0,3998108,5687,6584,662.002423,20346528,22173263,191.293248,430700
2012-09-01,1826735,325697,454.2,528.4,160200,1005.9194485883099,335.38126955487996,780.1275001632291,992.249371301521,821.229491378781,849.390735229634,829.6738442763921,42.8963079820667,28.2394011709149,35.3621855250018,38.378083142537704,36.7311599735963,38.2609327947049,43.763927305024396,49392,7030,10715,7630722,12585800,94.283851,11.13166,223.691526,560800,11888879,11714600,21821.8,17487.0,1000.9,21221,26437.3,17513.0,8924.3,225.701611,65.5,68698,34846,51926,59300,9.0,4413602,4739299,6897874,1905360,4967315,25450524,2046358,5656,6690,56896,79.1177,0.0,4006566,5687,6584,662.002423,20346528,22173263,191.293248,430700
2012-10-01,1826735,325697,453.9,529.3,152100,994.516671295665,329.45192182210997,765.148168183888,977.408736707893,807.993944049294,817.774943865027,832.105999584785,42.8092350888834,27.7119511831637,34.8182932245547,37.7913829479265,36.31603325292061,37.5330470056424,44.0383091933194,55043,7705,11656,7630722,12639900,94.283851,11.13166,223.691526,549500,11915952,11797100,23855.8,18657.8,1351.4,23350,28456.2,19179.2,9277.1,225.701611,65.5,68698,34846,51926,53000,9.0,4413602,4739299,6897874,1905360,4967315,25450524,2046358,6377,7407,56896,78.4842,0.0,4123827,6358,7335,662.002423,20346528,22173263,191.293248,417800
2012-11-01,1826735,325697,454.7,531.2,152100,1003.8481248523599,330.06490172766496,763.3367260179332,974.561608764545,807.0830669279677,806.973863472728,839.701798734163,42.7072570598366,27.7366138996239,34.6827948999438,37.7549077692368,36.18293625414611,37.4780088592262,43.960918137842704,55043,7705,11656,7630722,12639900,94.283851,11.13166,223.691526,549500,11932919,11797100,22516.2,17749.8,1205.3,23350,26302.3,17356.0,8946.3,225.701611,65.5,68698,34846,51926,53000,9.0,4413602,4739299,6897874,1905360,4967315,25450524,2046358,6377,7407,56896,78.6251,0.0,4111672,6358,7335,662.002423,20346528,22173263,191.293248,417800
2012-12-01,1826735,325697,454.2,533.0,152100,1034.24993546465,336.120997171239,785.125620305738,1029.00513089377,837.614305270459,813.598380938884,828.318650738851,43.1755344613905,28.270236762461906,35.2708700331844,38.6548900428296,36.8516368762,37.770404632246496,43.752455539703796,55043,7705,11656,7630722,12639900,94.283851,11.13166,223.691526,549500,11941642,11797100,22461.6,17925.4,1214.4,23350,23910.3,15521.6,8388.7,225.701611,65.5,68698,34846,51926,53000,9.0,4413602,4739299,6897874,1905360,4967315,25450524,2046358,6377,7407,56896,77.4178,0.0,4102800,6358,7335,662.002423,20346528,22173263,191.293248,417800
2013-01-01,1890126,334204,457.6,534.7,145300,979.40922051046,330.29502959807,772.245522490631,986.796095425173,811.952611750614,806.4356331558611,805.915625565914,40.545635662666,27.72848201583011,34.8305941258679,37.5899609694981,35.961435240262,37.37252961838821,42.280595832851795,52975,7178,11054,7706894,12674900,94.283851,11.502484,227.903929,515300,11950350,11842800,22080.293530000006,20775.195251,1305.0982789999996,22525,25492.29936,16844.519632,8647.779728,236.756211,65.5,66590,35772,51406,48400,9.3,4457931,4792135,6953957,1903328,5028314,25834186,2059160,5981,7111,55503,76.8037,0.0,4072529,5922,7006,696.8457559999998,20605974,22496100,208.336661,412900
2013-02-01,1890126,334204,459.5,536.8,145300,1013.18823286011,333.15345027126,773.008895329821,983.503689785863,818.8918272381779,798.955194534209,832.436089649258,42.714860567554,28.131650874317998,34.970715579472106,37.6420101580819,36.4634553808225,37.4850404412091,43.5258281847436,52975,7178,11054,7706894,12674900,94.283851,11.502484,227.903929,515300,11955951,11842800,21329.95016,19940.640414,1389.309746,22525,22681.171771,15512.765437,7168.406334,236.756211,65.4,66590,35772,51406,48400,9.3,4457931,4792135,6953957,1903328,5028314,25834186,2059160,5981,7111,55503,77.6277,0.0,4024348,5922,7006,696.8457559999998,20605974,22496100,208.336661,412900
2013-03-01,1890126,334204,460.9,538.9,145300,1018.63158707142,333.85415188673903,775.123249762017,992.6098066837692,820.580153106525,798.1509220442862,833.122053899743,42.9566075344395,28.083510746880002,34.9507291557919,37.7232914623076,36.44117394375329,37.578997465373995,43.522120604971896,52975,7178,11054,7706894,12674900,94.283851,11.502484,227.903929,515300,11969681,11842800,22703.361401,21137.506435,1565.854966,22525,24658.2807,17368.244647,7290.036053,236.756211,65.4,66590,35772,51406,48400,9.3,4457931,4792135,6953957,1903328,5028314,25834186,2059160,5981,7111,55503,77.9405,0.0,4026519,5922,7006,696.8457559999998,20605974,22496100,208.336661,412900
2013-04-01,1890126,334204,462.6,539.1,140600,1013.8155713055401,333.438481511891,781.134547915746,994.455731731441,825.348137359189,806.791213202355,831.4453923564239,42.4912399583867,27.8406332774485,34.930500694791,37.804864097423504,36.30993660421621,37.4966572659148,43.5511544723655,51820,7000,11151,7706894,12702900,94.283851,11.502484,227.903929,526700,11994866,11885200,21977.678337,20462.491201,1515.187136,22450,27570.724534,18791.445217,8779.279317,236.756211,65.4,66590,35772,51406,46200,9.3,4457931,4792135,6953957,1903328,5028314,25834186,2059160,5996,7129,55503,76.4423,0.0,3992627,5943,6988,696.8457559999998,20605974,22496100,208.336661,402500
2013-05-01,1890126,334204,463.6,539.6,140600,1021.13446238215,334.956015521058,780.96973454672,995.335006222617,825.410130159098,792.6412506142191,818.565539355988,42.6660953170096,28.0415250262052,35.0535150705199,37.664481381444794,36.4170730645045,37.3114069064192,42.8871996072995,51820,7000,11151,7706894,12702900,94.283851,11.502484,227.903929,526700,12024923,11885200,23334.466356,21520.497666,1813.96869,22450,27743.040317000006,19555.279811,8187.760506,236.756211,65.4,66590,35772,51406,46200,9.3,4457931,4792135,6953957,1903328,5028314,25834186,2059160,5996,7129,55503,76.8897,0.0,4007194,5943,6988,696.8457559999998,20605974,22496100,208.336661,402500
2013-06-01,1890126,334204,465.2,540.8,140600,1025.08898583488,339.513592579695,801.220132109753,1015.70413611309,842.7105953959331,807.2296501904068,829.476724390234,42.7625779954759,28.5174162814074,35.419026304198105,37.9294306918416,36.8077168972717,37.435066240774496,43.2476411333527,51820,7000,11151,7706894,12702900,94.283851,11.502484,227.903929,526700,12052275,11885200,22341.10723,20874.511658000003,1466.5955720000004,22450,25557.319985,17189.368405,8367.951579999999,236.756211,65.4,66590,35772,51406,46200,9.3,4457931,4792135,6953957,1903328,5028314,25834186,2059160,5996,7129,55503,79.2471,0.0,4007128,5943,6988,696.8457559999998,20605974,22496100,208.336661,402500
2013-07-01,1890126,334204,465.1,542.0,138300,1033.72327244749,333.980319610987,780.965469654747,982.257857705032,827.143752964752,787.909375200671,828.536119000265,42.7945232342776,27.906368263627602,34.7061548073039,37.220521521123295,36.187597704788296,37.0986208068396,43.2849217681007,52902,7141,11076,7706894,12764000,94.283851,11.502484,227.903929,534400,12073900,11956300,23168.655919,21627.78322,1540.872699,22451,28345.757774,18907.902688,9437.855086,236.756211,65.4,66590,35772,51406,45000,9.3,4457931,4792135,6953957,1903328,5028314,25834186,2059160,6045,7217,55503,79.1136,0.0,4016999,6118,7235,696.8457559999998,20605974,22496100,208.336661,393400
2013-08-01,1890126,334204,465.6,542.8,138300,1040.3704499824,334.76506792848704,785.340032568885,996.7432915123128,832.530425151432,791.2228506865739,831.9662179324588,42.7504782512286,27.8766193373827,34.8188232185257,37.4458429318336,36.34920960734721,36.993786634575,43.4055353388155,52902,7141,11076,7706894,12764000,94.283851,11.502484,227.903929,534400,12090790,11956300,23440.215342,21903.799898,1536.415444,22451,27036.736610000004,18641.038282,8395.698328,236.756211,65.3,66590,35772,51406,45000,9.3,4457931,4792135,6953957,1903328,5028314,25834186,2059160,6045,7217,55503,79.2964,0.0,4035868,6118,7235,696.8457559999998,20605974,22496100,208.336661,393400
2013-09-01,1890126,334204,466.9,544.4,138300,1050.3641340248598,340.15034905934,801.391157671591,1015.7253130611799,847.34707559217,810.4322254175121,826.8876917935878,43.06190275651521,28.1104316188627,35.2490165801945,37.8394470069643,36.6952460341966,37.195383068575296,43.2872568013768,52902,7141,11076,7706894,12764000,94.283851,11.502484,227.903929,534400,12106935,11956300,22220.529293,20642.281228,1578.248065,22451,26495.59351,18088.163178,8407.430332,236.756211,65.2,66590,35772,51406,45000,9.3,4457931,4792135,6953957,1903328,5028314,25834186,2059160,6045,7217,55503,79.458,0.0,3981182,6118,7235,696.8457559999998,20605974,22496100,208.336661,393400
2013-10-01,1890126,334204,467.3,546.4,140200,1048.26411000466,336.424779564003,786.7525340333681,985.298153939406,834.341889799069,785.610908164759,849.107846043065,43.022401665954504,27.8811014472973,34.6430924968669,37.0287890859873,36.1336390598167,36.85289291297379,43.90923759960671,53907,7218,10610,7706894,12832800,94.283851,11.502484,227.903929,522900,12126701,12030700,25765.059776,23907.395778,1857.663998,22535,27041.221335,18292.62346,8748.597875,236.756211,65.1,66590,35772,51406,44400,9.3,4457931,4792135,6953957,1903328,5028314,25834186,2059160,5988,7154,55503,78.0384,0.0,4027808,6187,7335,696.8457559999998,20605974,22496100,208.336661,378200
2013-11-01,1890126,334204,467.7,548.5,140200,1048.69013164956,336.55078078424,783.3990381176601,988.2482582790401,832.635788580952,777.8350851569189,847.401325040485,43.1110628984223,27.8651649280228,34.4626735865183,37.1584557217702,36.0882361576598,36.770136847501504,44.0810768661835,53907,7218,10610,7706894,12832800,94.283851,11.502484,227.903929,522900,12153454,12030700,24296.795755000006,22504.107265,1792.6884899999998,22535,24811.998296,17069.60215,7742.396145999999,236.756211,65.1,66590,35772,51406,44400,9.3,4457931,4792135,6953957,1903328,5028314,25834186,2059160,5988,7154,55503,78.1793,0.0,3972686,6187,7335,696.8457559999998,20605974,22496100,208.336661,378200
2013-12-01,1890126,334204,467.5,548.9,140200,1049.64307406644,341.176737138954,802.978609723282,1031.79840199908,852.621981760932,781.0591504384171,853.605420462261,42.537888894103396,27.8015459583739,34.9191275011899,37.822265999584,36.3781468704653,36.8044498229403,43.8792961007323,53907,7218,10610,7706894,12832800,94.283851,11.502484,227.903929,522900,12186304,12030700,25057.40274,23020.242404,2037.160336,22535,24278.529848,16090.348131,8188.181717,236.756211,65.1,66590,35772,51406,44400,9.3,4457931,4792135,6953957,1903328,5028314,25834186,2059160,5988,7154,55503,78.0286,0.0,3916115,6187,7335,696.8457559999998,20605974,22496100,208.336661,378200
2014-01-01,1976601,337844,469.9,549.9,149800,1067.0525062358302,342.964213273667,797.258677241605,1018.1187467757901,848.701419319577,773.4368542397127,869.094909810449,43.188969884774,28.0282289307395,34.8248214615377,37.45514460038872,36.4427153173556,36.6149192656975,44.2163118006706,54208,7271,10646,7771748,12893000,94.283851,12.138127,226.495465,537000,12232666,12123900,24107.753004,21829.417052,2278.335952,22302,24729.53927,16359.586259,8369.953011,229.197204,65.1,71724,37337,53875,48800,9.6,4385498,4723342,7030708,1925555,5076034,26340274,2031033,5973,7129,57201,78.9778,0.0,3870787,6150,7223,693.485215,20867470,22844071,211.642212,348400
2014-02-01,1976601,337844,470.1,552.0,149800,1081.65402350838,345.554003729384,814.239685042335,1049.6113948202499,864.362554381123,784.0939501190843,893.598473702214,43.5482715114618,27.9967336023143,35.2017427450579,37.981280852059605,36.773968778680796,36.845426934035004,44.9798290948843,54208,7271,10646,7771748,12893000,94.283851,12.138127,226.495465,537000,12268181,12123900,21549.116197,19426.91407,2122.202127,22302,22306.256386,15109.33406,7196.922326000001,229.197204,65.1,71724,37337,53875,48800,9.6,4385498,4723342,7030708,1925555,5076034,26340274,2031033,5973,7129,57201,79.445,0.0,3826274,6150,7223,693.485215,20867470,22844071,211.642212,348400
2014-03-01,1976601,337844,472.5,553.4,149800,1090.05764430618,349.698299507816,818.47426504938,1052.44271417441,870.677992729449,793.606944986808,899.425188084219,43.6765673368235,28.4795243712837,35.2388647248794,37.7607901898262,36.8573019841674,36.9514576841652,44.692038805169496,54208,7271,10646,7771748,12893000,94.283851,12.138127,226.495465,537000,12299831,12123900,24170.442299,21753.799955,2416.642344000001,22302,25089.671063,17475.179082,7614.491981,229.197204,65.1,71724,37337,53875,48800,9.6,4385498,4723342,7030708,1925555,5076034,26340274,2031033,5973,7129,57201,79.127,0.0,3806053,6150,7223,693.485215,20867470,22844071,211.642212,348400
2014-04-01,1976601,337844,476.2,554.9,150500,1092.5722842539599,346.68654170738404,805.1638750745102,1031.07564407831,859.0857108356911,780.4892156538609,895.163140283711,43.5921810428675,28.1538889478264,34.8314948919133,37.3112006004641,36.449858887293,36.4243146950896,44.5144794569577,56598,7507,10917,7771748,12952300,94.283851,12.138127,226.495465,546300,12324725,12224700,24113.127146000006,21517.281063,2595.846083,23364,27317.870661,18872.298657,8445.572004000001,229.197204,65.1,71724,37337,53875,45900,9.6,4385498,4723342,7030708,1925555,5076034,26340274,2031033,6216,7466,57201,78.3253,0.0,3777873,6272,7559,693.485215,20867470,22844071,211.642212,327400
2014-05-01,1976601,337844,479.5,557.1,150500,1100.8476868722698,347.5993627328849,810.718700624559,1046.6625511003099,865.7188994623621,784.542013391838,902.0878027535788,43.4090913824637,28.1264809666944,34.871296954363196,37.3727671256216,36.4746382845875,36.5172117590774,44.5171612690094,56598,7507,10917,7771748,12952300,94.283851,12.138127,226.495465,546300,12345743,12224700,24889.345867,22356.965562,2532.380305,23364,25540.34805,18487.410659,7052.937391,229.197204,65.0,71724,37337,53875,45900,9.6,4385498,4723342,7030708,1925555,5076034,26340274,2031033,6216,7466,57201,78.0331,0.0,3810926,6272,7559,693.485215,20867470,22844071,211.642212,327400
2014-06-01,1976601,337844,481.4,559.3,150500,1109.33841812977,352.686646610634,825.600587894433,1067.88699632756,877.6449297841141,792.270907786285,903.8098454893068,43.2504478400179,28.315736144497105,35.2042187983335,37.72966784078221,36.692730666767396,36.747292141873004,44.4302852617591,56598,7507,10917,7771748,12952300,94.283851,12.138127,226.495465,546300,12367837,12224700,23812.354982,21674.329133000007,2138.025849,23364,25902.208852,18080.315359,7821.893493,229.197204,65.0,71724,37337,53875,45900,9.6,4385498,4723342,7030708,1925555,5076034,26340274,2031033,6216,7466,57201,78.0868,0.0,3812561,6272,7559,693.485215,20867470,22844071,211.642212,327400
2014-07-01,1976601,337844,483.5,561.2,145800,1101.99250836209,348.66411906235703,810.743427373429,1050.91846992776,865.4617926947369,779.4874680180701,892.999132621446,43.1490218058136,27.8990123755299,34.7910729843385,37.3628668857315,36.3676287309205,36.4760660658585,43.8743798949159,55828,7575,10980,7771748,12998400,94.283851,12.138127,226.495465,525500,12391017,12299900,25289.159912,22584.032699,2705.127213,23240,27307.744658,18739.20194,8568.542718,229.197204,64.9,71724,37337,53875,44100,9.6,4385498,4723342,7030708,1925555,5076034,26340274,2031033,6179,7441,57201,77.4515,0.0,3802668,6310,7456,693.485215,20867470,22844071,211.642212,310800
2014-08-01,1976601,337844,485.8,563.9,145800,1119.2392460322098,352.192708414049,817.539419818786,1069.37414552741,875.134522621403,784.647758390117,889.6517997573981,43.4989141904776,28.2565478978846,34.943432684676196,37.6339665303413,36.6549989795423,36.636776995488894,44.095612459817715,55828,7575,10980,7771748,12998400,94.283851,12.138127,226.495465,525500,12414967,12299900,25627.672258,23146.874881,2480.797377,23240,24375.820276,17234.656978,7141.163298,229.197204,64.9,71724,37337,53875,44100,9.6,4385498,4723342,7030708,1925555,5076034,26340274,2031033,6179,7441,57201,78.1173,0.0,3802188,6310,7456,693.485215,20867470,22844071,211.642212,310800
2014-09-01,1976601,337844,488.4,566.3,145800,1114.41256886062,350.071703126859,807.4192991603329,1061.25972463669,865.650459663371,778.8936750496408,894.0075341984558,43.224658228466794,27.978458548776693,34.6617969700405,37.3502291397744,36.2881972386561,36.3051677745272,44.330556416333714,55828,7575,10980,7771748,12998400,94.283851,12.138127,226.495465,525500,12438299,12299900,23290.261062,21087.685614,2202.575448,23240,26831.683121,19114.42369,7717.259431,229.197204,64.8,71724,37337,53875,44100,9.6,4385498,4723342,7030708,1925555,5076034,26340274,2031033,6179,7441,57201,78.8392,0.0,3806160,6310,7456,693.485215,20867470,22844071,211.642212,310800
2014-10-01,1976601,337844,492.0,569.6,142200,1118.31735978824,352.215423387469,819.949899689008,1070.19327905592,876.407693458982,791.411354138782,873.738349063463,43.1124855016904,28.189459881785197,34.9443812369615,37.7250830122669,36.4089183696274,36.552388199123996,43.37720218622261,58368,7801,11559,7771748,13032200,94.283851,12.138127,226.495465,504900,12457796,12374700,24049.220197,21590.621608,2458.598589,24268,25361.009861,18804.966876,6556.042985,229.197204,64.7,71724,37337,53875,44400,9.6,4385498,4723342,7030708,1925555,5076034,26340274,2031033,6531,7812,57201,79.6725,0.0,3817979,6569,7815,693.485215,20867470,22844071,211.642212,292500
2014-11-01,1976601,337844,493.7,571.7,142200,1125.8615633803802,356.495050945176,833.9644661376669,1099.63228516273,889.259881728416,806.7347446309419,865.5251267788901,42.9681832861628,28.3822022837342,35.3351716602949,38.25576720142811,36.774545569908796,37.01737861079421,43.276498998875,58368,7801,11559,7771748,13032200,94.283851,12.138127,226.495465,504900,12470156,12374700,22059.427619,19792.397825,2267.029794,24268,24727.799213,19010.321063,5717.47815,229.197204,64.6,71724,37337,53875,44400,9.6,4385498,4723342,7030708,1925555,5076034,26340274,2031033,6531,7812,57201,80.1028,0.0,3782821,6569,7815,693.485215,20867470,22844071,211.642212,292500
2014-12-01,1976601,337844,500.1,573.4,142200,1138.8357729374,353.547308071491,813.8394641967509,1065.56897346499,877.54567613569,800.860944085809,881.2380317370621,43.163020594611396,28.2476211749252,34.7068532393822,37.642050016732995,36.3397913019917,36.3602737637916,43.9111569942224,58368,7801,11559,7771748,13032200,94.283851,12.138127,226.495465,504900,12475844,12374700,22601.43808,20408.379463,2193.058617,24268,23375.724783,17005.343886000002,6370.380897,229.197204,64.4,71724,37337,53875,44400,9.6,4385498,4723342,7030708,1925555,5076034,26340274,2031033,6531,7812,57201,82.4267,0.0,3751499,6569,7815,693.485215,20867470,22844071,211.642212,292500
2015-01-01,2050945,352117,500.0,575.1,131800,1126.97258179791,354.276841247539,821.799172138429,1062.9295655628,881.800197478418,800.242772239189,886.799408746469,42.911796894717,28.1225153895472,34.810155911329005,37.3848013151852,36.4162844467783,36.2534884761928,43.9588031870722,59446,7639,11424,7875595,13031800,94.283851,13.288681,215.065169,488200,12469536,12407900,20554.074714,18760.505255,1793.569459,24340,22821.247293,17579.547376,5241.699917,235.539056,64.2,71156,37878,56473,39000,9.7,4341050,4693167,7123991,1949587,5149231,26846185,2012218,6552,7884,59856,83.5045,0.0,3715414,6468,7887,693.100945,21121458,23172403,216.413045,281100
2015-02-01,2050945,352117,501.0,575.2,131800,1141.57241892104,363.20650503995597,838.8055157246132,1086.23615906502,896.123985428589,822.6458568458611,869.9931679541879,42.9282884498457,28.501157279920697,35.288872000593294,37.86899866174221,36.7600696426245,36.764512340383604,43.3505806282378,59446,7639,11424,7875595,13031800,94.283851,13.288681,215.065169,488200,12469746,12407900,19244.753972,17481.249002,1763.50497,24340,19410.508788,15512.732148,3897.77664,235.539056,64.1,71156,37878,56473,39000,9.7,4341050,4693167,7123991,1949587,5149231,26846185,2012218,6552,7884,59856,84.7173,0.0,3684002,6468,7887,693.100945,21121458,23172403,216.413045,281100
2015-03-01,2050945,352117,502.0,575.3,131800,1117.62575595194,359.831679011129,835.071178957983,1091.50711039365,888.6502928560858,809.426293279469,859.122023585105,41.7872129707919,28.4455367980922,35.1490318232922,37.898677860079395,36.3889984171136,36.5845726562224,43.261125676346396,59446,7639,11424,7875595,13031800,94.283851,13.288681,215.065169,488200,12472470,12407900,20885.516206,18958.92312,1926.593086,24340,22042.76562,17913.464066,4129.301554,235.539056,64.0,71156,37878,56473,39000,9.7,4341050,4693167,7123991,1949587,5149231,26846185,2012218,6552,7884,59856,86.7188,0.0,3676661,6468,7887,693.100945,21121458,23172403,216.413045,281100
2015-04-01,2050945,352117,503.3,574.0,131300,1122.61655042828,358.75343374029,817.296239872566,1064.54374590561,875.454727308782,800.3396038636861,861.472828597807,42.1310988374696,28.230010302732396,34.6785363375313,37.3683350588702,36.142803661260096,36.0408110254265,43.0032133387475,58183,7000,10953,7875595,13011200,94.283851,13.288681,215.065169,439600,12479211,12420000,21978.914275,19833.273292,2145.640983,23315,21717.70191,17647.795193,4069.906717,235.539056,63.9,71156,37878,56473,44000,9.7,4341050,4693167,7123991,1949587,5149231,26846185,2012218,6267,7538,59856,86.2165,0.0,3651040,6189,7530,693.100945,21121458,23172403,216.413045,265800
2015-05-01,2050945,352117,505.4,574.0,131300,1117.4644739185,358.437832834626,822.781593362133,1071.47367265346,877.654670305745,804.286728570245,860.6823322932312,41.76223674924471,28.1630935563559,34.7688538150975,37.3932422652653,36.0809067776704,36.1211740364226,42.9345981818235,58183,7000,10953,7875595,13011200,94.283851,13.288681,215.065169,439600,12487773,12420000,21980.104199,19802.910255000006,2177.193944,23315,20929.256153,17338.948769,3590.307384,235.539056,63.8,71156,37878,56473,44000,9.7,4341050,4693167,7123991,1949587,5149231,26846185,2012218,6267,7538,59856,86.0957,0.0,3676984,6189,7530,693.100945,21121458,23172403,216.413045,265800
2015-06-01,2050945,352117,506.5,573.3,131300,1128.48360620209,357.4705819647931,815.511469097809,1062.30494384031,872.0836196237732,799.4176286787241,846.288311215489,42.570011289858996,28.1272808095826,34.4387994123488,37.202857489438,35.9174620454852,35.8530616705999,42.365648126246796,58183,7000,10953,7875595,13011200,94.283851,13.288681,215.065169,439600,12495242,12420000,21174.819641,19432.982074,1741.8375670000007,23315,22650.289033,18139.681369,4510.607664,235.539056,63.8,71156,37878,56473,44000,9.7,4341050,4693167,7123991,1949587,5149231,26846185,2012218,6267,7538,59856,87.075,0.0,3710572,6189,7530,693.100945,21121458,23172403,216.413045,265800
2015-07-01,2050945,352117,508.1,573.5,129500,1123.13094587192,357.816889467525,816.712540913626,1071.6406796864,872.477322798258,808.091317798466,857.879449691526,42.600061341221,28.281727279563302,34.5212278049828,37.2835879853104,35.9969672056899,36.105998868318,42.6226651193308,59983,7128,11142,7875595,13004700,94.283851,13.288681,215.065169,415000,12501778,12435100,22215.026694,20252.384818,1962.641876,23911,21709.716493,17265.726512,4443.9899810000015,235.539056,63.7,71156,37878,56473,47600,9.7,4341050,4693167,7123991,1949587,5149231,26846185,2012218,6408,7722,59856,88.71799999999998,0.0,3731919,6170,7711,693.100945,21121458,23172403,216.413045,265500
2015-08-01,2050945,352117,509.5,573.2,129500,1148.95205687091,361.99144156424006,852.319993125399,1101.16895784188,905.9219680387739,835.976345625834,863.445438042041,42.564683851857,28.459921821443896,35.247868827258394,37.421631027231996,36.654778750395714,36.460814206466296,42.7214725546106,59983,7128,11142,7875595,13004700,94.283851,13.288681,215.065169,415000,12508795,12435100,20841.511014,19028.779919,1812.731095,23911,21094.544661,17438.517494,3656.027167,235.539056,63.6,71156,37878,56473,47600,9.7,4341050,4693167,7123991,1949587,5149231,26846185,2012218,6408,7722,59856,90.716,0.0,3742946,6170,7711,693.100945,21121458,23172403,216.413045,265500
2015-09-01,2050945,352117,510.4,573.3,129500,1078.2498589251402,355.263455277056,814.999373769563,1047.8273567424199,862.547862770386,811.188726989768,844.7332458834219,40.428017674759005,27.947266150532798,34.283744146784,36.2625170889955,35.4183934798777,35.7847872084163,41.736285655665,59983,7128,11142,7875595,13004700,94.283851,13.288681,215.065169,415000,12519355,12435100,20145.292411,18559.568614,1585.723797,23911,20726.531668,17372.760876,3353.7707920000007,235.539056,63.6,71156,37878,56473,47600,9.7,4341050,4693167,7123991,1949587,5149231,26846185,2012218,6408,7722,59856,91.662,0.0,3754421,6170,7711,693.100945,21121458,23172403,216.413045,265500
2015-10-01,2050945,352117,511.6,570.6,126200,1115.2476675374498,356.691175910884,826.3969908433653,1063.29683299573,879.3400203107491,812.7928439791319,876.6269331862441,41.9133269600139,28.0783385484826,34.5210775674113,36.808341223161,35.7625151281617,35.8678713995444,42.7235744901752,59500,7055,10998,7875595,13010100,94.283851,13.288681,215.065169,402800,12537645,12433700,21153.806195,19366.274081,1787.532114,23712,20541.767154,17204.365341,3337.401813,235.539056,63.6,71156,37878,56473,48500,9.7,4341050,4693167,7123991,1949587,5149231,26846185,2012218,6315,7632,59856,90.2463,0.0,3777317,6150,7644,693.100945,21121458,23172403,216.413045,278300
2015-11-01,2050945,352117,513.6,569.6,126200,1139.52667770331,362.223508686628,837.207415617568,1090.26726326921,892.179266044055,814.789053004955,892.7726854232111,42.407181144611705,28.3220207706424,35.0418415398099,37.4587337206023,36.3879719383599,36.476127508021996,42.8068087880615,59500,7055,10998,7875595,13010100,94.283851,13.288681,215.065169,402800,12564036,12433700,19045.216889,17429.123366,1616.093523,23712,19160.32,15915.698339,3244.621661,235.539056,63.6,71156,37878,56473,48500,9.7,4341050,4693167,7123991,1949587,5149231,26846185,2012218,6315,7632,59856,90.4275,0.0,3755821,6150,7644,693.100945,21121458,23172403,216.413045,278300
2015-12-01,2050945,352117,516.7,568.0,126200,1131.69377210223,358.152849157584,816.602447748793,1063.94484340189,873.087808213929,803.879583633262,890.502288138653,42.267089432582004,28.15079065057549,34.474594556209105,36.90002846992221,35.8799147764142,35.9226314735437,42.5999066958691,59500,7055,10998,7875595,13010100,94.283851,13.288681,215.065169,402800,12594665,12433700,19561.373879,17866.062835,1695.311044,23712,19378.833198,15918.840104,3459.993094,235.539056,63.7,71156,37878,56473,48500,9.7,4341050,4693167,7123991,1949587,5149231,26846185,2012218,6315,7632,59856,91.4045,0.0,3749749,6150,7644,693.100945,21121458,23172403,216.413045,278300
2016-01-01,2116407,378808,512.9,573.1,122600,1137.02845917271,362.9717523944609,827.9189119206261,1074.8622328210402,883.46908971672,817.5918799116879,895.477106455486,42.2451821777429,28.306014157692104,34.8137521938563,37.12033452837029,36.1067765804849,36.103170233773604,42.5825677107338,64340,7153,11656,7840441,13077300,94.283851,12.627954,208.95673,394900,12624562,12501200,18395.867980000006,16868.994077,1526.873903,24847,17746.377330000007,15021.2423,2725.13503,238.531032,63.7,68488,37805,58146,51500,10.0,4378246,4757054,7212532,1984517,5202578,27236431,2033765,6766,8169,60844,94.4982,0.0,3734096,6779,8174,695.363753,21014174,23130581,224.454446,271800
2016-02-01,2116407,378808,515.6,572.0,122600,1132.4688679177,362.785023494409,813.2102298001912,1062.51228714739,869.370873977135,807.02811454511,904.5353750054601,42.1638849015969,28.2402432166949,34.4236490658883,36.6199783826884,35.790592806202795,35.8180199834305,42.788749367747,64340,7153,11656,7840441,13077300,94.283851,12.627954,208.95673,394900,12649925,12501200,17783.398161,16261.423469,1521.974692,24847,16959.873871,14608.143509,2351.730362,238.531032,63.7,68488,37805,58146,51500,10.0,4378246,4757054,7212532,1984517,5202578,27236431,2033765,6766,8169,60844,94.6155,0.0,3726204,6779,8174,695.363753,21014174,23130581,224.454446,271800
2016-03-01,2116407,378808,516.2,570.4,122600,1105.7910973398,360.248317870109,814.025876054478,1059.80709622489,865.697089442952,806.655227027842,888.4833193354781,40.476123274009204,27.9339826523244,34.2724527327995,36.4628354691312,35.329641485373,35.435864229710205,42.0458497050979,64340,7153,11656,7840441,13077300,94.283851,12.627954,208.95673,394900,12669432,12501200,20276.565315,18581.753389,1694.811926,24847,18680.880587,15904.283418,2776.597169,238.531032,63.7,68488,37805,58146,51500,10.0,4378246,4757054,7212532,1984517,5202578,27236431,2033765,6766,8169,60844,92.1786,0.0,3716248,6779,8174,695.363753,21014174,23130581,224.454446,271800
2016-04-01,2116407,378808,517.0,569.7,116800,1146.12792889968,360.0243491502349,810.3187258674969,1062.28471151295,868.086931087543,799.5374455763921,930.4630650610452,42.102086498361295,27.992679987554997,34.301395221725,36.6118461596105,35.703876223740004,35.615455123288,43.1771855872767,62558,7115,11074,7840441,13158800,94.283851,12.627954,208.95673,417400,12684335,12570900,19524.584417,17856.228713999993,1668.355703,24128,18033.332732,15198.73361,2834.599122,238.531032,63.8,68488,37805,58146,46700,10.0,4378246,4757054,7212532,1984517,5202578,27236431,2033765,6464,7832,60844,90.8992,0.0,3703772,6430,7826,695.363753,21014174,23130581,224.454446,281000
2016-05-01,2116407,378808,517.5,568.6,116800,1192.83688537161,369.74214382104,841.3056501201918,1120.75559921231,901.583301129584,815.099207112331,934.308484055834,42.930066976184,28.7711849677594,35.140114252923496,37.881605433708,36.456325174247105,35.922591594218204,43.3458529266434,62558,7115,11074,7840441,13158800,94.283851,12.627954,208.95673,417400,12697623,12570900,19437.044695,17486.379387,1950.665308,24128,18381.509869,15204.780312,3176.729557,238.531032,63.8,68488,37805,58146,46700,10.0,4378246,4757054,7212532,1984517,5202578,27236431,2033765,6464,7832,60844,92.6486,0.0,3765445,6430,7826,695.363753,21014174,23130581,224.454446,281000
2016-06-01,2116407,378808,519.7,566.5,116800,1162.9272766529,364.812911156738,818.621815624578,1076.80329517849,878.212182330483,804.5871531303551,927.0950224851532,42.273318970164105,28.366725837066998,34.496110545379,36.8553842266517,35.8427809234079,35.7646902214903,43.0957601648057,62558,7115,11074,7840441,13158800,94.283851,12.627954,208.95673,417400,12711478,12570900,18970.287141,17234.034622,1736.252519,24128,20988.639269,17372.57254,3616.066729,238.531032,63.8,68488,37805,58146,46700,10.0,4378246,4757054,7212532,1984517,5202578,27236431,2033765,6464,7832,60844,93.8711,0.0,3791472,6430,7826,695.363753,21014174,23130581,224.454446,281000
2016-07-01,2116407,378808,522.2,568.4,116400,1157.84705946015,368.029278919271,814.37847673301,1070.03020845467,874.945193956324,793.8965669474139,931.260000305797,42.1640257235516,28.4647104687885,34.3586116818372,36.69548677123871,35.7427630909636,35.522030167768705,43.0773954062375,65874,7227,11752,7840441,13248700,94.283851,12.627954,208.95673,423900,12726964,12643400,18267.739171,16582.290008,1685.449163,25771,18914.115435,15498.823576,3415.2918590000004,238.531032,63.8,68488,37805,58146,40600,10.0,4378246,4757054,7212532,1984517,5202578,27236431,2033765,6802,8248,60844,93.317,0.0,3796484,6812,8243,695.363753,21014174,23130581,224.454446,291500
2016-08-01,2116407,378808,521.4,567.8,116400,1161.87551812025,366.336657764673,821.1272605612219,1072.32160138327,880.082516923678,796.265760038946,921.437944302554,42.0381680286902,28.4077700922394,34.3584601600412,36.830027012444,35.7722864657317,35.467929858240105,42.9117556722099,65874,7227,11752,7840441,13248700,94.283851,12.627954,208.95673,423900,12743432,12643400,19640.149001,17765.626309,1874.522692,25771,20660.914495,16548.368503,4112.545992,238.531032,63.8,68488,37805,58146,40600,10.0,4378246,4757054,7212532,1984517,5202578,27236431,2033765,6802,8248,60844,92.4875,0.0,3840366,6812,8243,695.363753,21014174,23130581,224.454446,291500
2016-09-01,2116407,378808,524.9,568.5,116400,1161.7393607091,366.30912731219286,819.113187950652,1071.71430881612,877.492162685546,794.902078903351,924.026301772248,42.130039418198,28.3945087030564,34.3724047051317,36.6357511034906,35.72265205318121,35.7442088142077,43.2089241178817,65874,7227,11752,7840441,13248700,94.283851,12.627954,208.95673,423900,12759137,12643400,19041.677201,17014.883041999998,2026.794159,25771,19441.599321,15897.715066,3543.8842549999995,238.531032,63.8,68488,37805,58146,40600,10.0,4378246,4757054,7212532,1984517,5202578,27236431,2033765,6802,8248,60844,94.0648,0.0,3864686,6812,8243,695.363753,21014174,23130581,224.454446,291500
2016-10-01,2116407,378808,526.3,566.8,120400,1175.61228097258,373.44616139028085,856.229401220011,1128.8622973234899,913.670447786024,818.1605038884151,921.2499349720712,42.563985756356395,29.0344963033869,35.091471368595,37.694284725935,36.31043915567071,35.8289739780866,43.25990827151449,66093,7149,11421,7840441,13343500,94.283851,12.627954,208.95673,434000,12773301,12734800,20325.986289,18285.755584,2040.230705,25055,19579.189916,16175.068575,3404.121341,238.531032,63.8,68488,37805,58146,38100,10.0,4378246,4757054,7212532,1984517,5202578,27236431,2033765,6729,8158,60844,93.8907,0.0,3891234,6746,8162,695.363753,21014174,23130581,224.454446,277500
2016-11-01,2116407,378808,528.8,567.9,120400,1159.98743988731,369.00886747099406,817.117482188636,1071.5406258061,876.8794006262219,789.310198145934,897.731245780013,41.818768634702,28.505556308318702,34.1783302738584,36.5060671290428,35.516478922550895,35.558806586488,41.4888879334566,66093,7149,11421,7840441,13343500,94.283851,12.627954,208.95673,434000,12788698,12734800,19650.512722,17405.823307,2244.689415,25055,20308.929669,16433.778667,3875.1510020000014,238.531032,63.8,68488,37805,58146,38100,10.0,4378246,4757054,7212532,1984517,5202578,27236431,2033765,6729,8158,60844,96.4486,0.0,3882738,6746,8162,695.363753,21014174,23130581,224.454446,277500
2016-12-01,2116407,378808,531.3,568.6,120400,1159.73542667666,365.86112298033896,826.632374837312,1082.2690599130099,884.2607464063658,796.247698439152,910.378192192724,42.096678189098505,28.1262058018907,34.288324535467,36.8676599949757,35.6810446919729,35.663211356312296,42.0851442215995,66093,7149,11421,7840441,13343500,94.283851,12.627954,208.95673,434000,12808057,12734800,20213.658777,17622.045753,2591.613024,25055,19349.402873,15499.713852,3849.689021,238.531032,63.8,68488,37805,58146,38100,10.0,4378246,4757054,7212532,1984517,5202578,27236431,2033765,6729,8158,60844,97.8367,0.0,3849095,6746,8162,695.363753,21014174,23130581,224.454446,277500
2017-01-01,2229680,388341,533.2,569.7,123200,1179.483907164,369.04731636983,860.926028348027,1131.95424422733,915.747094312711,822.19122185929,879.0817608393062,42.3912716830135,28.482379749218396,35.1209847471977,38.0417784568884,36.3200887029343,35.939756573379995,41.171904987308395,68193,7356,11679,7921508,13399400,94.283851,12.291086,212.394021,449400,12832003,12759000,20829.753885,17793.866987999998,3035.886897,25580,20648.182256,16452.396618000002,4195.785638,244.381879,63.8,74182,39414,60092,36500,10.3,4367279,4755620,7279762,1990771,5263460,27676374,2029164,6859,8356,61557,98.4698,0.0,3826344,6868,8360,710.994283,21309346,23539026,231.98365,306500
2017-02-01,2229680,388341,533.0,569.9,123200,1164.29356307732,360.061237419689,830.094268877871,1090.15726318295,886.759971162829,797.355542524805,886.328477680104,42.124067292526796,27.712303477909302,34.0719907347604,36.8580047365115,35.438003444711,35.5761656650357,41.7404546436817,68193,7356,11679,7921508,13399400,94.283851,12.291086,212.394021,449400,12860135,12759000,20290.372118,16932.023653,3358.348465,25580,19208.387007,15268.755835,3939.631172,244.381879,63.8,74182,39414,60092,36500,10.3,4367279,4755620,7279762,1990771,5263460,27676374,2029164,6859,8356,61557,95.6827,0.0,3755726,6868,8360,710.994283,21309346,23539026,231.98365,306500
2017-03-01,2229680,388341,534.0,571.5,123200,1169.9322554343,362.823039401067,836.764611334004,1087.0453481105,896.518958595968,781.7393505802652,901.782956735853,42.3940682323326,28.01763842936189,34.2267633626847,36.8332699734969,35.6860350707923,35.4118703066936,42.045939239322,68193,7356,11679,7921508,13399400,94.283851,12.291086,212.394021,449400,12889646,12759000,22389.861654,19064.159577,3325.702077,25580,22695.196298,17972.624696000006,4722.571602,244.381879,63.8,74182,39414,60092,36500,10.3,4367279,4755620,7279762,1990771,5263460,27676374,2029164,6859,8356,61557,93.701,0.0,3769743,6868,8360,710.994283,21309346,23539026,231.98365,306500
2017-04-01,2229680,388341,534.8,573.6,124500,1156.88060455343,366.156453859948,864.128002773497,1129.52474742349,913.625421469127,811.82974297905,891.7743360859123,41.427659595827706,28.3521244492781,34.638919081297104,37.5753061469974,35.8518326967489,36.076821878169,41.5410578154565,68407,7316,11217,7921508,13428100,94.283851,12.291086,212.394021,429700,12919986,12790500,21092.267781,17905.543772,3186.724009,25522,20747.472325,16695.945591,4051.5267340000014,244.381879,63.8,74182,39414,60092,34800,10.3,4367279,4755620,7279762,1990771,5263460,27676374,2029164,6699,8197,61557,92.1116,0.0,3735048,6666,8190,710.994283,21309346,23539026,231.98365,308800
2017-05-01,2229680,388341,536.7,575.5,124500,1199.8318902481,362.283780117623,849.2503813830749,1107.7069434269001,909.944714048938,797.12540687655,911.6465740043201,43.16398170597299,27.9581189465528,34.4078626302706,37.356271554117896,35.9312121096753,35.8167797125963,42.1485701872302,68407,7316,11217,7921508,13428100,94.283851,12.291086,212.394021,429700,12951366,12790500,21906.413183,18814.623053,3091.79013,25522,22765.2204,18064.299499,4700.920901,244.381879,63.8,74182,39414,60092,34800,10.3,4367279,4755620,7279762,1990771,5263460,27676374,2029164,6699,8197,61557,92.1784,0.0,3746646,6666,8190,710.994283,21309346,23539026,231.98365,308800
2017-06-01,2229680,388341,539.2,577.5,124500,1182.9999271474,363.1438823118789,845.7698956192529,1096.73495697974,903.771051131647,792.525528093075,931.755576660259,42.6909696115702,27.992853186568198,34.3369628900616,37.0917093985086,35.7567202632115,35.7484329346137,42.9391650480376,68407,7316,11217,7921508,13428100,94.283851,12.291086,212.394021,429700,12982307,12790500,21963.473139,19231.695444,2731.777695,25522,22925.058422,18604.597905,4320.460517,244.381879,63.8,74182,39414,60092,34800,10.3,4367279,4755620,7279762,1990771,5263460,27676374,2029164,6699,8197,61557,90.5115,0.0,3744463,6666,8190,710.994283,21309346,23539026,231.98365,308800
2017-07-01,2229680,388341,541.3,578.1,125000,1214.16520012459,365.287609732323,868.442378790536,1135.85115359138,927.949175170025,810.228516163748,952.389170332082,43.0628463710106,28.1518711259671,34.8040807471752,37.631448674421,36.2031768201609,35.950399198029,43.143844268420715,68024,7158,11239,7921508,13440700,94.283851,12.291086,212.394021,430600,13011793,12832100,21462.728475,18649.568287,2813.160188,25065,21422.031738,17713.136599,3708.895139,244.381879,63.8,74182,39414,60092,35800,10.3,4367279,4755620,7279762,1990771,5263460,27676374,2029164,6643,8127,61557,88.65700000000002,0.0,3756058,6654,8130,710.994283,21309346,23539026,231.98365,293700
2017-08-01,2229680,388341,544.9,579.5,125000,1191.06937340055,364.37075216816805,852.324952163849,1095.00935532118,911.6456563367141,797.355096681912,919.062157029409,42.0436407590792,27.867019838527003,34.471369157819,37.04961825652449,35.873035789934704,35.766252553203,42.2844434048855,68024,7158,11239,7921508,13440700,94.283851,12.291086,212.394021,430600,13038893,12832100,20599.198961,17975.218159,2623.980802,25065,21864.318332,18025.885839,3838.432493,244.381879,63.8,74182,39414,60092,35800,10.3,4367279,4755620,7279762,1990771,5263460,27676374,2029164,6643,8127,61557,87.7632,0.0,3786510,6654,8130,710.994283,21309346,23539026,231.98365,293700
2017-09-01,2229680,388341,545.4,580.1,125000,1226.83511816897,368.241232479274,851.847622190108,1095.16544162126,916.257682968933,800.491222803979,947.481225419887,43.3736958956606,28.1247370408042,34.4116047283795,36.9583362621017,36.0006656146915,35.7841777956075,42.819573308057606,68024,7158,11239,7921508,13440700,94.283851,12.291086,212.394021,430600,13063996,12832100,21086.475315,17078.340807,4008.134508,25065,21210.40347,18380.898242,2829.505228,244.381879,63.8,74182,39414,60092,35800,10.3,4367279,4755620,7279762,1990771,5263460,27676374,2029164,6643,8127,61557,87.4465,0.0,3816052,6654,8130,710.994283,21309346,23539026,231.98365,293700
2017-10-01,2229680,388341,547.6,581.6,122000,1227.78966906195,370.679689920523,883.787558065724,1131.64037277843,944.649061000558,827.063844189148,940.8344982367199,43.349611613584614,28.485821813933,35.0735402045141,37.5197133515131,36.3839792089541,36.2253288949729,42.62747464877821,71159,7160,11640,7921508,13490500,94.283851,12.291086,212.394021,412300,13087950,12907700,25045.567768,20210.952472,4834.615296,25815,23525.865831,19537.498489,3988.367342,244.381879,63.9,74182,39414,60092,36000,10.3,4367279,4755620,7279762,1990771,5263460,27676374,2029164,6845,8414,61557,89.4079,0.0,3874406,6864,8417,710.994283,21309346,23539026,231.98365,290900
2017-11-01,2229680,388341,548.4,583.1,122000,1221.6691755035902,364.55290500387,852.640445623535,1089.7773643021699,917.6581221366388,808.909588600946,936.2575227909912,43.026818769882794,27.93807206904711,34.4603659896568,36.7759179541757,35.977320691310894,36.086391269243,42.662580247867105,71159,7160,11640,7921508,13490500,94.283851,12.291086,212.394021,412300,13110303,12907700,23895.384612,19232.329103,4663.055509000002,25815,22946.967999,18959.239162,3987.728837,244.381879,63.9,74182,39414,60092,36000,10.3,4367279,4755620,7279762,1990771,5263460,27676374,2029164,6845,8414,61557,89.3483,0.0,3868089,6864,8417,710.994283,21309346,23539026,231.98365,290900
2017-12-01,2229680,388341,550.8,585.1,122000,1223.46107637215,370.643169011791,849.793070489343,1090.48379833964,914.430874025552,799.455202098382,932.5127519104919,42.698198185692796,27.97876437808489,34.260027722182,36.5906888243213,35.7529000004682,35.7827696821112,42.6357461000374,71159,7160,11640,7921508,13490500,94.283851,12.291086,212.394021,412300,13132506,12907700,24227.09981,19119.736037,5107.363773,25815,22683.383777000006,18856.09742,3827.286357,244.381879,63.9,74182,39414,60092,36000,10.3,4367279,4755620,7279762,1990771,5263460,27676374,2029164,6845,8414,61557,88.6204,0.0,3845396,6864,8417,710.994283,21309346,23539026,231.98365,290900
